username,repo name,stars,repo url
justjavac,free-programming-books-zh_CN,103000,https://github.com/justjavac/free-programming-books-zh_CN
angular,angular,88500,https://github.com/angular/angular
storybookjs,storybook,79000,https://github.com/storybookjs/storybook
leonardomso,33-js-concepts,56400,https://github.com/leonardomso/33-js-concepts
ionic-team,ionic-framework,49100,https://github.com/ionic-team/ionic-framework
prettier,prettier,45700,https://github.com/prettier/prettier
Asabeneh,30-Days-Of-JavaScript,36500,https://github.com/Asabeneh/30-Days-Of-JavaScript
SheetJS,sheetjs,33000,https://github.com/SheetJS/sheetjs
angular,angular-cli,26100,https://github.com/angular/angular-cli
angular,components,23500,https://github.com/angular/components
NativeScript,NativeScript,22600,https://github.com/NativeScript/NativeScript
goldbergyoni,javascript-testing-best-practices,21600,https://github.com/goldbergyoni/javascript-testing-best-practices
jhipster,generator-jhipster,20600,https://github.com/jhipster/generator-jhipster
pubkey,rxdb,19300,https://github.com/pubkey/rxdb
nrwl,nx,17800,https://github.com/nrwl/nx
teambit,bit,16700,https://github.com/teambit/bit
wailsapp,wails,16400,https://github.com/wailsapp/wails
sudheerj,javascript-interview-questions,16300,https://github.com/sudheerj/javascript-interview-questions
sweetalert2,sweetalert2,16000,https://github.com/sweetalert2/sweetalert2
codesandbox,codesandbox-client,12400,https://github.com/codesandbox/codesandbox-client
