username,repo name,stars,repo url
public-apis,public-apis,242000,https://github.com/public-apis/public-apis
neovim,neovim,66500,https://github.com/neovim/neovim
tiangolo,fastapi,58900,https://github.com/tiangolo/fastapi
strapi,strapi,54200,https://github.com/strapi/strapi
hoppscotch,hoppscotch,51800,https://github.com/hoppscotch/hoppscotch
ocornut,imgui,48000,https://github.com/ocornut/imgui
meilisearch,meilisearch,37000,https://github.com/meilisearch/meilisearch
slatedocs,slate,35200,https://github.com/slatedocs/slate
hasura,graphql-engine,29900,https://github.com/hasura/graphql-engine
Kong,insomnia,28400,https://github.com/Kong/insomnia
ccxt,ccxt,28400,https://github.com/ccxt/ccxt
Binaryify,NeteaseCloudMusicApi,28200,https://github.com/Binaryify/NeteaseCloudMusicApi
httpie,httpie,28000,https://github.com/httpie/httpie
trpc,trpc,26300,https://github.com/trpc/trpc
YMFE,yapi,26100,https://github.com/YMFE/yapi
encode,django-rest-framework,25700,https://github.com/encode/django-rest-framework
littlecodersh,ItChat,23900,https://github.com/littlecodersh/ItChat
directus,directus,21800,https://github.com/directus/directus
microsoft,api-guidelines,21500,https://github.com/microsoft/api-guidelines
paularmstrong,normalizr,21000,https://github.com/paularmstrong/normalizr
