username,repo name,stars,repo url
jlevy,the-art-of-command-line,137000,https://github.com/jlevy/the-art-of-command-line
nvm-sh,nvm,67600,https://github.com/nvm-sh/nvm
junegunn,fzf,52600,https://github.com/junegunn/fzf
google,zx,37600,https://github.com/google/zx
starship,starship,34600,https://github.com/starship/starship
LeCoupa,awesome-cheatsheets,33700,https://github.com/LeCoupa/awesome-cheatsheets
dylanaraps,pure-bash-bible,33600,https://github.com/dylanaraps/pure-bash-bible
koalaman,shellcheck,32299,https://github.com/koalaman/shellcheck
acmesh-official,acme.sh,31900,https://github.com/acmesh-official/acme.sh
mathiasbynens,dotfiles,29100,https://github.com/mathiasbynens/dotfiles
alebcay,awesome-shell,27500,https://github.com/alebcay/awesome-shell
jaywcjlove,linux-command,24200,https://github.com/jaywcjlove/linux-command
withfig,autocomplete,22100,https://github.com/withfig/autocomplete
dylanaraps,neofetch,18200,https://github.com/dylanaraps/neofetch
asdf-vm,asdf,17700,https://github.com/asdf-vm/asdf
Nyr,openvpn-install,17200,https://github.com/Nyr/openvpn-install
rbenv,rbenv,15100,https://github.com/rbenv/rbenv
kingToolbox,WindTerm,14700,https://github.com/kingToolbox/WindTerm
faressoft,terminalizer,14100,https://github.com/faressoft/terminalizer
shelljs,shelljs,13800,https://github.com/shelljs/shelljs
