username,repo name,stars,repo url
ccxt,ccxt,28400,https://github.com/ccxt/ccxt
discordjs,discord.js,23300,https://github.com/discordjs/discord.js
python-telegram-bot,python-telegram-bot,22100,https://github.com/python-telegram-bot/python-telegram-bot
RasaHQ,rasa,16500,https://github.com/RasaHQ/rasa
wechaty,wechaty,16500,https://github.com/wechaty/wechaty
hubotio,hubot,16500,https://github.com/hubotio/hubot
InstaPy,InstaPy,15400,https://github.com/InstaPy/InstaPy
gunthercox,ChatterBot,13300,https://github.com/gunthercox/ChatterBot
Rapptz,discord.py,12900,https://github.com/Rapptz/discord.py
leon-ai,leon,12900,https://github.com/leon-ai/leon
tgbot-collection,YYeTsBot,12800,https://github.com/tgbot-collection/YYeTsBot
howdyai,botkit,11100,https://github.com/howdyai/botkit
pedroslopez,whatsapp-web.js,10400,https://github.com/pedroslopez/whatsapp-web.js
botpress,botpress,10400,https://github.com/botpress/botpress
sfyc23,EverydayWechat,9500,https://github.com/sfyc23/EverydayWechat
Mrs4s,go-cqhttp,8600,https://github.com/Mrs4s/go-cqhttp
microsoft,ailab,7400,https://github.com/microsoft/ailab
lss233,chatgpt-mirai-qq-bot,7200,https://github.com/lss233/chatgpt-mirai-qq-bot
yagop,node-telegram-bot-api,7200,https://github.com/yagop/node-telegram-bot-api
microsoft,botframework-sdk,7100,https://github.com/microsoft/botframework-sdk
