username,repo name,stars,repo url
CyC2018,CS-Notes,165000,https://github.com/CyC2018/CS-Notes
practical-tutorials,project-based-learning,106000,https://github.com/practical-tutorials/project-based-learning
azl397985856,leetcode,51400,https://github.com/azl397985856/leetcode
fffaraz,awesome-cpp,46800,https://github.com/fffaraz/awesome-cpp
x64dbg,x64dbg,40900,https://github.com/x64dbg/x64dbg
youngyangyang04,leetcode-master,39300,https://github.com/youngyangyang04/leetcode-master
Light-City,CPlusPlusThings,30800,https://github.com/Light-City/CPlusPlusThings
carbon-language,carbon-lang,30600,https://github.com/carbon-language/carbon-lang
huihut,interview,29200,https://github.com/huihut/interview
yuzu-emu,yuzu,28800,https://github.com/yuzu-emu/yuzu
CMU-Perceptual-Computing-Lab,openpose,27200,https://github.com/CMU-Perceptual-Computing-Lab/openpose
microsoft,calculator,27200,https://github.com/microsoft/calculator
TheAlgorithms,C-Plus-Plus,24600,https://github.com/TheAlgorithms/C-Plus-Plus
doocs,leetcode,22300,https://github.com/doocs/leetcode
changkun,modern-cpp-tutorial,21000,https://github.com/changkun/modern-cpp-tutorial
ethereum,solidity,20300,https://github.com/ethereum/solidity
dragonflydb,dragonfly,19700,https://github.com/dragonflydb/dragonfly
microsoft,vcpkg,18900,https://github.com/microsoft/vcpkg
gabime,spdlog,18700,https://github.com/gabime/spdlog
ssloy,tinyrenderer,17100,https://github.com/ssloy/tinyrenderer
