username,repo name,stars,repo url
localstack,localstack,47300,https://github.com/localstack/localstack
harness,drone,26900,https://github.com/harness/drone
jenkinsci,jenkins,20900,https://github.com/jenkinsci/jenkins
auchenberg,volkswagen,12700,https://github.com/auchenberg/volkswagen
theonedev,onedev,11300,https://github.com/theonedev/onedev
dagger,dagger,8400,https://github.com/dagger/dagger
openshift,origin,8300,https://github.com/openshift/origin
concourse,concourse,6900,https://github.com/concourse/concourse
gocd,gocd,6800,https://github.com/gocd/gocd
milanm,DevOps-Roadmap,5300,https://github.com/milanm/DevOps-Roadmap
gaia-pipeline,gaia,5100,https://github.com/gaia-pipeline/gaia
buildbot,buildbot,5100,https://github.com/buildbot/buildbot
Strider-CD,strider,4600,https://github.com/Strider-CD/strider
jenkins-x,jx,4400,https://github.com/jenkins-x/jx
ovh,cds,4200,https://github.com/ovh/cds
xcpretty,xcpretty,3800,https://github.com/xcpretty/xcpretty
hygieia,hygieia,3800,https://github.com/hygieia/hygieia
iterative,cml,3700,https://github.com/iterative/cml
JamesIves,github-pages-deploy-action,3700,https://github.com/JamesIves/github-pages-deploy-action
werf,werf,3600,https://github.com/werf/werf
